Video_ID,Title,Description,Tags,Category,Thumbnail_File,Duration,Playlist,Chapter_Markers,Target_Audience,SEO_Keywords,Publish_Date
V001,"ADSapp Tutorial: Welcome & Platform Overview (2024)","Get started with ADSapp, the professional WhatsApp Business inbox for teams. This complete platform overview shows you how ADSapp transforms customer communication with unified inbox, team collaboration, smart automation, professional templates, and powerful analytics.

â±ï¸ TIMESTAMPS:
0:00 Introduction
0:30 The Challenge We Solve
1:15 Five Core Capabilities
2:30 Who ADSapp Is For
3:00 Getting Started is Easy
3:30 Next Steps

ğŸ¯ WHAT YOU'LL LEARN:
âœ… What ADSapp is and how it helps businesses
âœ… Core platform capabilities and benefits
âœ… Industries and team sizes that benefit most
âœ… How easy it is to get started

ğŸ“š RESOURCES:
- Start Free Trial: https://adsapp.com/trial
- Documentation: https://docs.adsapp.com
- Next Video: Quick Start Guide

ğŸ¢ PERFECT FOR:
- E-commerce businesses
- Real estate agencies
- Healthcare providers
- Service businesses
- Any team using WhatsApp for business

ğŸ’¡ WHY ADSAPP:
Stop losing messages in personal WhatsApp. Get professional team inbox, automation, analytics, and more.

#ADSapp #WhatsAppBusiness #CustomerService #BusinessCommunication #WhatsAppAPI

ğŸ”” Subscribe for the complete ADSapp tutorial series!

---
ADSapp - Professional WhatsApp Business Inbox
Website: https://adsapp.com
Support: support@adsapp.com","whatsapp business,adsapp tutorial,whatsapp api,customer service software,team inbox,whatsapp crm,business messaging,customer support,whatsapp automation,multi-tenant saas,team collaboration,message templates,whatsapp analytics,business communication,crm software,help desk software,support ticket system,customer engagement,omnichannel support,contact center software,saas platform,business software 2024,whatsapp business api tutorial,professional whatsapp,team messaging,customer service tools,support automation,inbox management,whatsapp for business,business whatsapp account","Education",01-welcome-thumbnail.jpg,240,Getting Started Series,"0:00 Introduction | 0:30 The Challenge | 1:15 Core Capabilities | 2:30 Industry Use Cases | 3:00 Getting Started | 3:30 Next Steps",First-time users; Decision-makers; Business owners; Team managers,"whatsapp business platform, professional whatsapp inbox, team whatsapp management, whatsapp business api, customer service software, business communication tools, whatsapp crm system, team collaboration software, multi-user whatsapp, whatsapp for teams, business messaging platform, customer support software, help desk alternative, zendesk alternative, intercom alternative",2024-01-15

V002,"Quick Start: Send Your First WhatsApp Message in 5 Minutes | ADSapp Tutorial","Learn how to send your first WhatsApp message through ADSapp in just 5 minutes. This hands-on tutorial walks you through inbox navigation, message composition, quick replies, and conversation management.

â±ï¸ TIMESTAMPS:
0:00 Introduction
0:20 Accessing Your Inbox
0:50 Understanding Inbox Layout
1:40 Starting Your First Conversation
2:30 Composing and Sending Messages
3:30 Receiving and Responding
4:20 Using Quick Replies
5:00 Closing Conversations
5:30 Recap and Next Steps

ğŸ¯ WHAT YOU'LL LEARN:
âœ… Navigate the ADSapp inbox confidently
âœ… Send your first WhatsApp message
âœ… Use message formatting and quick replies
âœ… Manage conversation status
âœ… Understand delivery indicators

ğŸ’» FOLLOW ALONG:
This is a hands-on tutorial. Have ADSapp open in another tab and complete each step as we go.

ğŸ“š RESOURCES:
- Previous: Platform Overview
- Next: Dashboard Navigation Tour
- Help: https://docs.adsapp.com/quick-start
- Practice Messages: Use test numbers provided

âœ¨ PRO TIPS:
- Use keyboard shortcuts (Command/Ctrl + K for search)
- Master quick replies with /command
- Check message delivery status (âœ“ Sent, âœ“âœ“ Delivered, âœ“âœ“ Read)

#ADSappTutorial #WhatsAppQuickStart #FirstMessage #CustomerService #BusinessWhatsApp

ğŸ”” Subscribe for more ADSapp tutorials!","adsapp quick start,first whatsapp message,send whatsapp business,inbox tutorial,message tutorial,whatsapp guide,business whatsapp tutorial,customer service tutorial,new user guide,getting started,onboarding tutorial,whatsapp business api tutorial,send first message,whatsapp api guide,business messaging tutorial,quick start guide,5 minute tutorial,whatsapp setup,inbox navigation,message composition,quick replies,conversation management,whatsapp delivery status,team inbox tutorial,customer support guide","Education",02-quickstart-thumbnail.jpg,360,Getting Started Series,"0:00 Introduction | 0:20 Inbox Access | 0:50 Layout Overview | 1:40 New Conversation | 2:30 Message Composition | 3:30 Receiving Messages | 4:20 Quick Replies | 5:00 Close Conversation | 5:30 Recap",New users; Onboarding; First-time setup; Beginners,"how to use adsapp, send first whatsapp message, whatsapp business tutorial, inbox navigation guide, message composition, quick start guide, onboarding tutorial, first message walkthrough, business whatsapp guide",2024-01-16

V003,"Complete Dashboard Tour: Navigate Every ADSapp Feature | Full Walkthrough","Master the complete ADSapp dashboard with this comprehensive navigation tour. Learn where to find every feature, understand the workspace layout, and discover productivity shortcuts.

â±ï¸ TIMESTAMPS:
0:00 Introduction
0:25 Navigation Menu Overview
1:15 Inbox Deep Dive
2:30 Contacts Management
3:30 Templates Library
4:20 Automation Workflows
5:15 Analytics Dashboard
6:00 Settings Configuration
6:50 Quick Access Features
7:30 Conclusion

ğŸ¯ WHAT YOU'LL LEARN:
âœ… Navigate all main dashboard sections
âœ… Understand each feature area's purpose
âœ… Access tools and settings quickly
âœ… Use keyboard shortcuts for efficiency
âœ… Customize your workspace

ğŸ—ºï¸ DASHBOARD SECTIONS:
ğŸ“¥ Inbox - Conversation management
ğŸ‘¥ Contacts - Customer database
ğŸ“„ Templates - Message templates
âš¡ Automation - Workflow builder
ğŸ“Š Analytics - Performance metrics
âš™ï¸ Settings - Account configuration

âŒ¨ï¸ KEYBOARD SHORTCUTS:
- âŒ˜/Ctrl + K: Universal search
- âŒ˜/Ctrl + /: Show shortcuts
- âŒ˜/Ctrl + N: New conversation
- Esc: Close modals

ğŸ“š RESOURCES:
- Keyboard Shortcuts Cheat Sheet: https://docs.adsapp.com/shortcuts
- Next Video: WhatsApp API Connection
- Feature Documentation: https://docs.adsapp.com/features

#DashboardTour #ADSappFeatures #NavigationGuide #ProductivityTips #WhatsAppBusiness","dashboard tour,adsapp navigation,feature walkthrough,complete guide,dashboard tutorial,workspace tour,feature overview,navigation tutorial,productivity guide,workspace navigation,dashboard features,menu navigation,settings tour,analytics dashboard,automation tour,contacts management,templates overview,inbox features,dashboard layout,ui tour,interface guide,feature discovery,workspace efficiency,keyboard shortcuts,quick access features,dashboard customization","Education",03-dashboard-thumbnail.jpg,480,Getting Started Series,"0:00 Introduction | 0:25 Navigation Menu | 1:15 Inbox Features | 2:30 Contacts Hub | 3:30 Templates | 4:20 Automation | 5:15 Analytics | 6:00 Settings | 6:50 Quick Access | 7:30 Wrap Up",New users; Intermediate users; Feature discovery; System administrators,"dashboard navigation, adsapp features, complete walkthrough, feature tour, workspace guide, navigation tutorial, dashboard overview, all features explained, feature discovery",2024-01-17

V004,"How to Connect WhatsApp Business API to ADSapp | Complete Setup Guide 2024","Step-by-step guide to connecting your WhatsApp Business API account to ADSapp. Complete setup from Meta Business account creation through final verification.

â±ï¸ TIMESTAMPS:
0:00 Introduction
0:30 Prerequisites Check
1:30 Creating Meta Business Account
3:00 WhatsApp Business API Setup
4:30 Business Profile Configuration
5:45 Connecting to ADSapp
7:15 Verifying Connection
8:00 Important Settings
9:00 Troubleshooting
9:40 Conclusion

ğŸ¯ WHAT YOU'LL LEARN:
âœ… Create Meta Business account correctly
âœ… Set up WhatsApp Business API
âœ… Configure professional business profile
âœ… Connect API to ADSapp seamlessly
âœ… Verify everything works
âœ… Troubleshoot common issues

ğŸ“‹ PREREQUISITES:
â–¡ Meta Business Account (we'll create one)
â–¡ Dedicated phone number (not on WhatsApp)
â–¡ Business verification documents
â–¡ Payment method for WhatsApp costs

âš ï¸ IMPORTANT NOTES:
- Phone number CANNOT be on personal WhatsApp
- Number CANNOT be on WhatsApp Business App
- Use new number or landline
- Business verification takes 1-3 days

ğŸ”§ TROUBLESHOOTING:
âŒ Phone already in use â†’ Get new number
âŒ Auth failed â†’ Check Facebook account
âŒ Messages not syncing â†’ Verify webhooks
âŒ Verification rejected â†’ Resubmit with docs

ğŸ“š RESOURCES:
- Meta Business Manager: https://business.facebook.com
- WhatsApp Business API Docs: https://developers.facebook.com/docs/whatsapp
- ADSapp Integration Guide: https://docs.adsapp.com/whatsapp-setup
- Support: support@adsapp.com

#WhatsAppAPI #ADSappSetup #WhatsAppBusinessAPI #MetaBusiness #APISetup #BusinessWhatsApp","whatsapp api setup,connect whatsapp business,meta business account,whatsapp business api tutorial,api connection,business api setup,meta business manager,whatsapp integration,api integration tutorial,business account setup,phone number verification,whatsapp verification,api authentication,business profile setup,whatsapp business setup 2024,connect whatsapp api,api configuration,webhook setup,business verification,whatsapp connection,api troubleshooting,meta verification,facebook business,whatsapp business cloud api","Education",04-whatsapp-connection-thumbnail.jpg,600,Getting Started Series,"0:00 Intro | 0:30 Prerequisites | 1:30 Meta Account | 3:00 API Setup | 4:30 Profile Config | 5:45 ADSapp Connection | 7:15 Verification | 8:00 Settings | 9:00 Troubleshooting | 9:40 Complete",Administrators; Setup phase; New implementations; IT teams,"whatsapp business api setup, connect whatsapp api, meta business account setup, whatsapp integration guide, api connection tutorial, business api configuration, whatsapp cloud api setup",2024-01-18

V005,"Team Management: Invite Members & Set Permissions | ADSapp Tutorial","Learn how to invite team members to ADSapp, configure role-based permissions, and manage your customer service team effectively.

â±ï¸ TIMESTAMPS:
0:00 Introduction
0:20 Understanding Roles
1:10 Inviting First Team Member
2:30 Managing Pending Invitations
3:00 Team Member Onboarding
3:45 Agent Permissions Configuration
4:45 Bulk Team Invitations
5:20 Managing Existing Members
5:50 Conclusion

ğŸ¯ WHAT YOU'LL LEARN:
âœ… Understand 4 permission roles
âœ… Invite team members individually
âœ… Configure granular permissions
âœ… Bulk invite multiple users
âœ… Manage and update team access
âœ… Remove team members safely

ğŸ‘¥ ROLE TYPES:
ğŸ”’ Owner - Full control + billing
ğŸ”‘ Admin - Team management + all conversations
ğŸ’¼ Agent - Assigned conversations + templates
ğŸ‘ï¸ Viewer - Read-only access

ğŸ›¡ï¸ PERMISSION LEVELS:
- Conversation access (assigned/team/all)
- Feature access (templates, contacts, export)
- Working hours configuration
- Notification preferences

ğŸ’¡ BEST PRACTICES:
âœ“ Start restrictive, increase as needed
âœ“ Document role assignments
âœ“ Review permissions quarterly
âœ“ Use working hours for auto-assignment
âœ“ Maintain audit log of changes

ğŸ“š RESOURCES:
- Team Management Guide: https://docs.adsapp.com/team
- Permission Matrix: https://docs.adsapp.com/permissions
- Security Best Practices: https://docs.adsapp.com/security

#TeamManagement #Permissions #UserRoles #TeamInvite #AccessControl","team management,invite team,user permissions,role based access,team invite,permission configuration,user roles,access control,team setup,member management,agent permissions,admin setup,team onboarding,bulk invite,permission levels,user management,team collaboration setup,access management,role configuration,team administration,user access,permission matrix,team security,multi-user setup","Education",05-team-management-thumbnail.jpg,360,Getting Started Series,"0:00 Introduction | 0:20 Roles Overview | 1:10 First Invite | 2:30 Pending Invitations | 3:00 Onboarding | 3:45 Agent Permissions | 4:45 Bulk Invite | 5:20 Member Management | 5:50 Wrap Up",Administrators; Team managers; HR; Supervisors,"team management tutorial, invite team members, configure permissions, role-based access control, user management guide, team setup, permission configuration, multi-user management",2024-01-19
